language,filename,blank,comment,code,"http://cloc.sourceforge.net v 1.64  T=0.13 s (159.7 files/s, 20227.5 lines/s)"
,,,,,
C++,SpriteBatch.cpp,45,15,256,
C++,Engine.cpp,47,20,150,
C++,Mesh.cpp,47,27,137,
C++,Shader.cpp,43,27,130,
C++,MouseInput.cpp,11,0,115,
C++,StateManager.cpp,7,1,89,
C++,Level2.cpp,16,1,82,
C++,Level1.cpp,20,1,78,
C++,Main.cpp,25,22,73,
C++,SpriteGame.cpp,23,14,63,
C++,FPS.cpp,16,11,61,
C++,Sound.cpp,19,0,55,
C++,Camera.cpp,21,10,53,
C++,KeyboardInput.cpp,9,10,47,
C++,Image_IO.cpp,11,10,35,
C++,ImageLoader.cpp,14,10,29,
C++,TextureArray.cpp,5,13,21,
C++,Physics.cpp,5,0,16,
C++,Error.cpp,0,10,13,
C++,Texture.cpp,9,23,6,
