language,Primary contributor,filename,blank,comment,code,"http://cloc.sourceforge.net v 1.64  T=0.07 s (282.8 files/s, 90450.1 lines/s)"
C++,jookyung.lee,Domination.cpp,124,54,1267,
C++,jookyung.lee,CoinCollect.cpp,120,41,1118,
C++,wonju.cho,Tutorial.cpp,94,37,735,
C++,haewon.son,Player.cpp,43,30,474,
C++,,CustomPhysics.cpp,44,189,214,
C++,jookyung.lee,CharacterSelect1p.cpp,32,27,158,
C++,jookyung.lee,CharacterSelect2p.cpp,32,27,158,
C++,,Application.cpp,40,55,155,
C++,wonju.cho,MainMenu.cpp,15,17,121,
C++,,Game.cpp,22,80,93,
C++,wonju.cho,PauseState.cpp,12,19,91,
C++,haewon.son,Ending.cpp,9,12,83,
C++,haewon.son,ModeSelect.cpp,6,10,82,
C++,junseok.yang,Credit.cpp,12,10,62,
C++,,PhysicsPipeline.cpp,26,80,55,
C++,,CustomBaseObject.cpp,4,18,31,
C++,,main.cpp,6,12,27,
C++,junseok.yang,TeamLogo.cpp,11,10,26,
C++,junseok.yang,digipenLogo.cpp,8,10,26,
C++,haewon.son,Utils.cpp,3,9,10,
,,,663,747,4986,